{
    "version": "0.4.1",
    "tutorials": [
        {
            "id": "01_craft_prompt",
            "path": "tutorials/01_craft_prompt",
            "title": "Craft a Prompt for Question Generation",
            "description": "Build a generative AI app to generate questions for educational topics using agent builder and Python.",
            "tags": ["prompt-engineering"],
            "imageUrl": "https://raw.githubusercontent.com/microsoft/windows-ai-studio-templates/refs/heads/dev/tutorials/01_craft_prompt/images/01.png",
            "url": "https://github.com/microsoft/windows-ai-studio-templates/tree/dev/tutorials/01_craft_prompt"
        },
        {
            "id": "02_switch_models",
            "path": "tutorials/02_switch_models",
            "title": "Explore Different Models",
            "description": "Experiment with various models and update your application code accordingly.",
            "tags": ["models"],
            "imageUrl": "https://raw.githubusercontent.com/microsoft/windows-ai-studio-templates/refs/heads/dev/tutorials/02_switch_models/images/02.png",
            "url": "https://github.com/microsoft/windows-ai-studio-templates/tree/dev/tutorials/02_switch_models"
        },
        {
            "id": "03_structured_output",
            "path": "tutorials/03_structured_output",
            "title": "Apply Structured Outputs using JSON Schema",
            "description": "Implement structured outputs using JSON Schema to generate consistent, machine-readable responses.",
            "tags": ["structured-output"],
            "imageUrl": "https://raw.githubusercontent.com/microsoft/windows-ai-studio-templates/refs/heads/dev/tutorials/03_structured_output/images/03.png",
            "url": "https://github.com/microsoft/windows-ai-studio-templates/tree/dev/tutorials/03_structured_output"
        },
        {
            "id": "04_run_prompts_in_batch",
            "path": "tutorials/04_run_prompts_in_batch",
            "title": "Bulk Run Prompts against LLM Generated Dataset",
            "description": "Bulk run prompts with variables against LLM generated datasets",
            "tags": ["bulk-run", "dataset"],
            "imageUrl": "https://raw.githubusercontent.com/microsoft/windows-ai-studio-templates/refs/heads/dev/tutorials/04_run_prompts_in_batch/images/04.png",
            "url": "https://github.com/microsoft/windows-ai-studio-templates/tree/dev/tutorials/04_run_prompts_in_batch"
        },
        {
            "id": "05_evaluate_prompt",
            "path": "tutorials/05_evaluate_prompt",
            "title": "Evaluate Prompts with Built in and Custom Evaluator",
            "description": "Create and run prompt evaluations using both custom code-based and built-in evaluators.",
            "tags": ["evaluation"],
            "imageUrl": "https://raw.githubusercontent.com/microsoft/windows-ai-studio-templates/refs/heads/dev/tutorials/05_evaluate_prompt/images/05.png",
            "url": "https://github.com/microsoft/windows-ai-studio-templates/tree/dev/tutorials/05_evaluate_prompt"
        }
    ]
}